SET LOCK_MODE 1;
CREATE USER IF NOT EXISTS ADMIN SALT 'ea6d87433e5457d1' HASH '56db97e7e56ebd0b910d375faee2cede5e40e1f7a0bb320ef029069ed58edd3c' ADMIN;
CREATE SEQUENCE PUBLIC.SYSTEM_SEQUENCE_F1E43F96_48A0_4B29_8BCE_8DCB89B7F9EF START WITH 3 BELONGS_TO_TABLE;
CREATE SEQUENCE PUBLIC.SYSTEM_SEQUENCE_08B02FAF_7E3D_4BBB_963F_A7B198BB993C START WITH 6 BELONGS_TO_TABLE;
CREATE SEQUENCE PUBLIC.SYSTEM_SEQUENCE_583918E5_A665_4445_8192_AD78AE2C5415 START WITH 39 BELONGS_TO_TABLE;
CREATE SEQUENCE PUBLIC.SYSTEM_SEQUENCE_269DB9C1_4624_45F8_8DAF_9B614761156D START WITH 14 BELONGS_TO_TABLE;
CREATE CACHED TABLE PUBLIC.USERS(
    ID INT DEFAULT (NEXT VALUE FOR PUBLIC.SYSTEM_SEQUENCE_583918E5_A665_4445_8192_AD78AE2C5415) NOT NULL NULL_TO_DEFAULT SEQUENCE PUBLIC.SYSTEM_SEQUENCE_583918E5_A665_4445_8192_AD78AE2C5415,
    NAME VARCHAR(50),
    PASSWORD VARCHAR(50),
    EMAIL VARCHAR(50),
    ROLEID INT
);
ALTER TABLE PUBLIC.USERS ADD CONSTRAINT PUBLIC.CONSTRAINT_4 PRIMARY KEY(ID);
-- 5 +/- SELECT COUNT(*) FROM PUBLIC.USERS;
INSERT INTO PUBLIC.USERS(ID, NAME, PASSWORD, EMAIL, ROLEID) VALUES
(1, 'Dauren', '698d51a19d8a121ce581499d7b701668', 'dauren@mail.com', 1),
(33, 'user', '202cb962ac5975b964b7152d234b70', 'user@mail.com', 2),
(36, 'Altynbekov', '4eae18cf9e54a0f62b44176d74cbe2f', 'qaz@mail.ru', 2),
(37, 'Petya', '8d5e957f297893487bd98fa830fa6413', 'asd@mail.ru', 2),
(38, 'ayazhan', '202cb962ac5975b964b7152d234b70', 'ayazhan_dia@inbox.ru', 2);
CREATE CACHED TABLE PUBLIC.ROLES(
    ID INT DEFAULT (NEXT VALUE FOR PUBLIC.SYSTEM_SEQUENCE_F1E43F96_48A0_4B29_8BCE_8DCB89B7F9EF) NOT NULL NULL_TO_DEFAULT SEQUENCE PUBLIC.SYSTEM_SEQUENCE_F1E43F96_48A0_4B29_8BCE_8DCB89B7F9EF,
    ROLE VARCHAR(20)
);
ALTER TABLE PUBLIC.ROLES ADD CONSTRAINT PUBLIC.CONSTRAINT_4A PRIMARY KEY(ID);
-- 2 +/- SELECT COUNT(*) FROM PUBLIC.ROLES;
INSERT INTO PUBLIC.ROLES(ID, ROLE) VALUES
(1, 'ADMIN'),
(2, 'CLIENT');
CREATE CACHED TABLE PUBLIC.ACCOUNTSTYPE(
    ID INT DEFAULT (NEXT VALUE FOR PUBLIC.SYSTEM_SEQUENCE_08B02FAF_7E3D_4BBB_963F_A7B198BB993C) NOT NULL NULL_TO_DEFAULT SEQUENCE PUBLIC.SYSTEM_SEQUENCE_08B02FAF_7E3D_4BBB_963F_A7B198BB993C,
    ACCNAME VARCHAR(50),
    PERCENT INT,
    PERIOD INT,
    CURRENCY VARCHAR(20)
);
ALTER TABLE PUBLIC.ACCOUNTSTYPE ADD CONSTRAINT PUBLIC.CONSTRAINT_C PRIMARY KEY(ID);
-- 4 +/- SELECT COUNT(*) FROM PUBLIC.ACCOUNTSTYPE;
INSERT INTO PUBLIC.ACCOUNTSTYPE(ID, ACCNAME, PERCENT, PERIOD, CURRENCY) VALUES
(1, 'Super', 12, 5, 'dollar'),
(2, 'Deposit', 14, 3, 'EURO'),
(3, 'Rich', 25, 1, 'KAZTEN'),
(5, 'Best', 23, 5, 'RUSRUB');
CREATE CACHED TABLE PUBLIC.ACCOUNTS(
    ID INT DEFAULT (NEXT VALUE FOR PUBLIC.SYSTEM_SEQUENCE_269DB9C1_4624_45F8_8DAF_9B614761156D) NOT NULL NULL_TO_DEFAULT SEQUENCE PUBLIC.SYSTEM_SEQUENCE_269DB9C1_4624_45F8_8DAF_9B614761156D,
    USERID INT,
    ACCTYPEID INT,
    AMOUNT BIGINT
);
ALTER TABLE PUBLIC.ACCOUNTS ADD CONSTRAINT PUBLIC.CONSTRAINT_A PRIMARY KEY(ID);
-- 12 +/- SELECT COUNT(*) FROM PUBLIC.ACCOUNTS;
INSERT INTO PUBLIC.ACCOUNTS(ID, USERID, ACCTYPEID, AMOUNT) VALUES
(1, 33, 1, 6877),
(3, 33, 3, 925100),
(4, 35, 1, 10000),
(5, 36, 1, 995000),
(6, 35, 5, 100),
(7, 36, 5, 4000),
(8, 36, 5, 100),
(9, 37, 3, 1146000),
(10, 33, 5, 60400),
(11, 36, 3, 10000),
(12, 33, 2, 28795),
(13, 38, 3, 100000);
